BillingAccountId,BillingCurrency,ChargePeriodStart,ChargePeriodEnd,ChargeCategory,ServiceProviderName,ServiceName,ServiceCategory,RegionId,ResourceId,ResourceName,ListCost,BilledCost,EffectiveCost,Tags
111122223333,USD,2026-09-01T00:00:00Z,2026-09-02T00:00:00Z,Usage,AWS,Amazon EC2,Compute,us-east-1,arn:aws:ec2:us-east-1:111122223333:autoscaling/checkout-api,checkout-api-asg,45.0615,38.1877,38.1877,"{""costtrace_sha"":""e4f5a6b7c8d9"",""costtrace_repo"":""acme_checkout"",""costtrace_service"":""checkout"",""env"":""prod""}"
111122223333,USD,2026-09-01T00:00:00Z,2026-09-02T00:00:00Z,Usage,AWS,Amazon RDS,Databases,us-east-1,arn:aws:rds:us-east-1:111122223333:db/orders,orders-db,61.4329,52.0618,52.0618,"{""costtrace_sha"":""e4f5a6b7c8d9"",""costtrace_repo"":""acme_checkout"",""costtrace_service"":""checkout"",""env"":""prod""}"
acme-search-prod,USD,2026-09-01T00:00:00Z,2026-09-02T00:00:00Z,Usage,Google Cloud,Compute Engine,Compute,us-central1,//compute.googleapis.com/projects/acme-search-prod/zones/us-central1-a/instances/search-indexer,search-indexer,12.0938,10.249,10.249,"{""costtrace_sha"":""e4f5a6b7c8d9"",""costtrace_repo"":""acme_search"",""costtrace_service"":""search"",""env"":""prod""}"
acme-search-prod,USD,2026-09-01T00:00:00Z,2026-09-02T00:00:00Z,Usage,Google Cloud,BigQuery,Analytics,us-central1,//bigquery.googleapis.com/projects/acme-search-prod/datasets/search_events,search_events,7.1644,6.0715,6.0715,"{""costtrace_sha"":""e4f5a6b7c8d9"",""costtrace_repo"":""acme_search"",""costtrace_service"":""search"",""env"":""prod""}"
acme-reports-sub,USD,2026-09-01T00:00:00Z,2026-09-02T00:00:00Z,Usage,Microsoft,Storage,Storage,eastus,/subscriptions/acme-reports-sub/resourceGroups/reports/providers/Microsoft.Storage/storageAccounts/rptarchive,rptarchive,9.5834,8.1215,8.1215,"{""costtrace_sha"":""e4f5a6b7c8d9"",""costtrace_repo"":""acme_reports"",""costtrace_service"":""reports"",""env"":""prod""}"
acme-reports-sub,USD,2026-09-01T00:00:00Z,2026-09-02T00:00:00Z,Usage,Microsoft,Azure Functions,Compute,eastus,/subscriptions/acme-reports-sub/resourceGroups/reports/providers/Microsoft.Web/sites/report-builder,report-builder,4.7737,4.0455,4.0455,"{""costtrace_sha"":""e4f5a6b7c8d9"",""costtrace_repo"":""acme_reports"",""costtrace_service"":""reports"",""env"":""prod""}"
111122223333,USD,2026-09-01T00:00:00Z,2026-09-02T00:00:00Z,Tax,AWS,Tax,Other,,,,3.1,3.1,3.1,
111122223333,USD,2026-09-01T00:00:00Z,2026-09-02T00:00:00Z,Usage,AWS,AWS Support,Other,,,,5,5,5,
111122223333,USD,2026-09-02T00:00:00Z,2026-09-03T00:00:00Z,Usage,AWS,Amazon EC2,Compute,us-east-1,arn:aws:ec2:us-east-1:111122223333:autoscaling/checkout-api,checkout-api-asg,44.8968,38.0481,38.0481,"{""costtrace_sha"":""e4f5a6b7c8d9"",""costtrace_repo"":""acme_checkout"",""costtrace_service"":""checkout"",""env"":""prod""}"
111122223333,USD,2026-09-02T00:00:00Z,2026-09-03T00:00:00Z,Usage,AWS,Amazon RDS,Databases,us-east-1,arn:aws:rds:us-east-1:111122223333:db/orders,orders-db,60.0782,50.9137,50.9137,"{""costtrace_sha"":""e4f5a6b7c8d9"",""costtrace_repo"":""acme_checkout"",""costtrace_service"":""checkout"",""env"":""prod""}"
acme-search-prod,USD,2026-09-02T00:00:00Z,2026-09-03T00:00:00Z,Usage,Google Cloud,Compute Engine,Compute,us-central1,//compute.googleapis.com/projects/acme-search-prod/zones/us-central1-a/instances/search-indexer,search-indexer,11.4807,9.7294,9.7294,"{""costtrace_sha"":""e4f5a6b7c8d9"",""costtrace_repo"":""acme_search"",""costtrace_service"":""search"",""env"":""prod""}"
acme-search-prod,USD,2026-09-02T00:00:00Z,2026-09-03T00:00:00Z,Usage,Google Cloud,BigQuery,Analytics,us-central1,//bigquery.googleapis.com/projects/acme-search-prod/datasets/search_events,search_events,6.9638,5.9015,5.9015,"{""costtrace_sha"":""e4f5a6b7c8d9"",""costtrace_repo"":""acme_search"",""costtrace_service"":""search"",""env"":""prod""}"
acme-reports-sub,USD,2026-09-02T00:00:00Z,2026-09-03T00:00:00Z,Usage,Microsoft,Storage,Storage,eastus,/subscriptions/acme-reports-sub/resourceGroups/reports/providers/Microsoft.Storage/storageAccounts/rptarchive,rptarchive,9.3195,7.8979,7.8979,"{""costtrace_sha"":""e4f5a6b7c8d9"",""costtrace_repo"":""acme_reports"",""costtrace_service"":""reports"",""env"":""prod""}"
acme-reports-sub,USD,2026-09-02T00:00:00Z,2026-09-03T00:00:00Z,Usage,Microsoft,Azure Functions,Compute,eastus,/subscriptions/acme-reports-sub/resourceGroups/reports/providers/Microsoft.Web/sites/report-builder,report-builder,4.8608,4.1193,4.1193,"{""costtrace_sha"":""e4f5a6b7c8d9"",""costtrace_repo"":""acme_reports"",""costtrace_service"":""reports"",""env"":""prod""}"
111122223333,USD,2026-09-02T00:00:00Z,2026-09-03T00:00:00Z,Tax,AWS,Tax,Other,,,,3.1,3.1,3.1,
111122223333,USD,2026-09-02T00:00:00Z,2026-09-03T00:00:00Z,Usage,AWS,AWS Support,Other,,,,5,5,5,
111122223333,USD,2026-09-03T00:00:00Z,2026-09-04T00:00:00Z,Usage,AWS,Amazon EC2,Compute,us-east-1,arn:aws:ec2:us-east-1:111122223333:autoscaling/checkout-api,checkout-api-asg,45.406,38.4797,38.4797,"{""costtrace_sha"":""e4f5a6b7c8d9"",""costtrace_repo"":""acme_checkout"",""costtrace_service"":""checkout"",""env"":""prod""}"
111122223333,USD,2026-09-03T00:00:00Z,2026-09-04T00:00:00Z,Usage,AWS,Amazon RDS,Databases,us-east-1,arn:aws:rds:us-east-1:111122223333:db/orders,orders-db,61.9909,52.5347,52.5347,"{""costtrace_sha"":""e4f5a6b7c8d9"",""costtrace_repo"":""acme_checkout"",""costtrace_service"":""checkout"",""env"":""prod""}"
acme-search-prod,USD,2026-09-03T00:00:00Z,2026-09-04T00:00:00Z,Usage,Google Cloud,Compute Engine,Compute,us-central1,//compute.googleapis.com/projects/acme-search-prod/zones/us-central1-a/instances/search-indexer,search-indexer,11.7022,9.9171,9.9171,"{""costtrace_sha"":""e4f5a6b7c8d9"",""costtrace_repo"":""acme_search"",""costtrace_service"":""search"",""env"":""prod""}"
acme-search-prod,USD,2026-09-03T00:00:00Z,2026-09-04T00:00:00Z,Usage,Google Cloud,BigQuery,Analytics,us-central1,//bigquery.googleapis.com/projects/acme-search-prod/datasets/search_events,search_events,6.9765,5.9123,5.9123,"{""costtrace_sha"":""e4f5a6b7c8d9"",""costtrace_repo"":""acme_search"",""costtrace_service"":""search"",""env"":""prod""}"
acme-reports-sub,USD,2026-09-03T00:00:00Z,2026-09-04T00:00:00Z,Usage,Microsoft,Storage,Storage,eastus,/subscriptions/acme-reports-sub/resourceGroups/reports/providers/Microsoft.Storage/storageAccounts/rptarchive,rptarchive,9.216,7.8102,7.8102,"{""costtrace_sha"":""e4f5a6b7c8d9"",""costtrace_repo"":""acme_reports"",""costtrace_service"":""reports"",""env"":""prod""}"
acme-reports-sub,USD,2026-09-03T00:00:00Z,2026-09-04T00:00:00Z,Usage,Microsoft,Azure Functions,Compute,eastus,/subscriptions/acme-reports-sub/resourceGroups/reports/providers/Microsoft.Web/sites/report-builder,report-builder,4.8332,4.0959,4.0959,"{""costtrace_sha"":""e4f5a6b7c8d9"",""costtrace_repo"":""acme_reports"",""costtrace_service"":""reports"",""env"":""prod""}"
111122223333,USD,2026-09-03T00:00:00Z,2026-09-04T00:00:00Z,Tax,AWS,Tax,Other,,,,3.1,3.1,3.1,
111122223333,USD,2026-09-03T00:00:00Z,2026-09-04T00:00:00Z,Usage,AWS,AWS Support,Other,,,,5,5,5,
111122223333,USD,2026-09-04T00:00:00Z,2026-09-05T00:00:00Z,Usage,AWS,Amazon EC2,Compute,us-east-1,arn:aws:ec2:us-east-1:111122223333:autoscaling/checkout-api,checkout-api-asg,45.7812,38.7976,38.7976,"{""costtrace_sha"":""e4f5a6b7c8d9"",""costtrace_repo"":""acme_checkout"",""costtrace_service"":""checkout"",""env"":""prod""}"
111122223333,USD,2026-09-04T00:00:00Z,2026-09-05T00:00:00Z,Usage,AWS,Amazon RDS,Databases,us-east-1,arn:aws:rds:us-east-1:111122223333:db/orders,orders-db,62.6108,53.06,53.06,"{""costtrace_sha"":""e4f5a6b7c8d9"",""costtrace_repo"":""acme_checkout"",""costtrace_service"":""checkout"",""env"":""prod""}"
acme-search-prod,USD,2026-09-04T00:00:00Z,2026-09-05T00:00:00Z,Usage,Google Cloud,Compute Engine,Compute,us-central1,//compute.googleapis.com/projects/acme-search-prod/zones/us-central1-a/instances/search-indexer,search-indexer,11.7654,9.9707,9.9707,"{""costtrace_sha"":""e4f5a6b7c8d9"",""costtrace_repo"":""acme_search"",""costtrace_service"":""search"",""env"":""prod""}"
acme-search-prod,USD,2026-09-04T00:00:00Z,2026-09-05T00:00:00Z,Usage,Google Cloud,BigQuery,Analytics,us-central1,//bigquery.googleapis.com/projects/acme-search-prod/datasets/search_events,search_events,6.987,5.9212,5.9212,"{""costtrace_sha"":""e4f5a6b7c8d9"",""costtrace_repo"":""acme_search"",""costtrace_service"":""search"",""env"":""prod""}"
acme-reports-sub,USD,2026-09-04T00:00:00Z,2026-09-05T00:00:00Z,Usage,Microsoft,Storage,Storage,eastus,/subscriptions/acme-reports-sub/resourceGroups/reports/providers/Microsoft.Storage/storageAccounts/rptarchive,rptarchive,9.6335,8.164,8.164,"{""costtrace_sha"":""e4f5a6b7c8d9"",""costtrace_repo"":""acme_reports"",""costtrace_service"":""reports"",""env"":""prod""}"
acme-reports-sub,USD,2026-09-04T00:00:00Z,2026-09-05T00:00:00Z,Usage,Microsoft,Azure Functions,Compute,eastus,/subscriptions/acme-reports-sub/resourceGroups/reports/providers/Microsoft.Web/sites/report-builder,report-builder,4.5913,3.8909,3.8909,"{""costtrace_sha"":""e4f5a6b7c8d9"",""costtrace_repo"":""acme_reports"",""costtrace_service"":""reports"",""env"":""prod""}"
111122223333,USD,2026-09-04T00:00:00Z,2026-09-05T00:00:00Z,Tax,AWS,Tax,Other,,,,3.1,3.1,3.1,
111122223333,USD,2026-09-04T00:00:00Z,2026-09-05T00:00:00Z,Usage,AWS,AWS Support,Other,,,,5,5,5,
111122223333,USD,2026-09-05T00:00:00Z,2026-09-06T00:00:00Z,Usage,AWS,Amazon EC2,Compute,us-east-1,arn:aws:ec2:us-east-1:111122223333:autoscaling/checkout-api,checkout-api-asg,45.5559,38.6067,38.6067,"{""costtrace_sha"":""e4f5a6b7c8d9"",""costtrace_repo"":""acme_checkout"",""costtrace_service"":""checkout"",""env"":""prod""}"
111122223333,USD,2026-09-05T00:00:00Z,2026-09-06T00:00:00Z,Usage,AWS,Amazon RDS,Databases,us-east-1,arn:aws:rds:us-east-1:111122223333:db/orders,orders-db,63.0652,53.4451,53.4451,"{""costtrace_sha"":""e4f5a6b7c8d9"",""costtrace_repo"":""acme_checkout"",""costtrace_service"":""checkout"",""env"":""prod""}"
acme-search-prod,USD,2026-09-05T00:00:00Z,2026-09-06T00:00:00Z,Usage,Google Cloud,Compute Engine,Compute,us-central1,//compute.googleapis.com/projects/acme-search-prod/zones/us-central1-a/instances/search-indexer,search-indexer,12.0159,10.183,10.183,"{""costtrace_sha"":""e4f5a6b7c8d9"",""costtrace_repo"":""acme_search"",""costtrace_service"":""search"",""env"":""prod""}"
acme-search-prod,USD,2026-09-05T00:00:00Z,2026-09-06T00:00:00Z,Usage,Google Cloud,BigQuery,Analytics,us-central1,//bigquery.googleapis.com/projects/acme-search-prod/datasets/search_events,search_events,6.9165,5.8614,5.8614,"{""costtrace_sha"":""e4f5a6b7c8d9"",""costtrace_repo"":""acme_search"",""costtrace_service"":""search"",""env"":""prod""}"
acme-reports-sub,USD,2026-09-05T00:00:00Z,2026-09-06T00:00:00Z,Usage,Microsoft,Storage,Storage,eastus,/subscriptions/acme-reports-sub/resourceGroups/reports/providers/Microsoft.Storage/storageAccounts/rptarchive,rptarchive,9.3477,7.9218,7.9218,"{""costtrace_sha"":""e4f5a6b7c8d9"",""costtrace_repo"":""acme_reports"",""costtrace_service"":""reports"",""env"":""prod""}"
acme-reports-sub,USD,2026-09-05T00:00:00Z,2026-09-06T00:00:00Z,Usage,Microsoft,Azure Functions,Compute,eastus,/subscriptions/acme-reports-sub/resourceGroups/reports/providers/Microsoft.Web/sites/report-builder,report-builder,4.7624,4.0359,4.0359,"{""costtrace_sha"":""e4f5a6b7c8d9"",""costtrace_repo"":""acme_reports"",""costtrace_service"":""reports"",""env"":""prod""}"
111122223333,USD,2026-09-05T00:00:00Z,2026-09-06T00:00:00Z,Tax,AWS,Tax,Other,,,,3.1,3.1,3.1,
111122223333,USD,2026-09-05T00:00:00Z,2026-09-06T00:00:00Z,Usage,AWS,AWS Support,Other,,,,5,5,5,
111122223333,USD,2026-09-06T00:00:00Z,2026-09-07T00:00:00Z,Usage,AWS,Amazon EC2,Compute,us-east-1,arn:aws:ec2:us-east-1:111122223333:autoscaling/checkout-api,checkout-api-asg,43.6454,36.9876,36.9876,"{""costtrace_sha"":""e4f5a6b7c8d9"",""costtrace_repo"":""acme_checkout"",""costtrace_service"":""checkout"",""env"":""prod""}"
111122223333,USD,2026-09-06T00:00:00Z,2026-09-07T00:00:00Z,Usage,AWS,Amazon RDS,Databases,us-east-1,arn:aws:rds:us-east-1:111122223333:db/orders,orders-db,60.5097,51.2794,51.2794,"{""costtrace_sha"":""e4f5a6b7c8d9"",""costtrace_repo"":""acme_checkout"",""costtrace_service"":""checkout"",""env"":""prod""}"
acme-search-prod,USD,2026-09-06T00:00:00Z,2026-09-07T00:00:00Z,Usage,Google Cloud,Compute Engine,Compute,us-central1,//compute.googleapis.com/projects/acme-search-prod/zones/us-central1-a/instances/search-indexer,search-indexer,11.8035,10.003,10.003,"{""costtrace_sha"":""e4f5a6b7c8d9"",""costtrace_repo"":""acme_search"",""costtrace_service"":""search"",""env"":""prod""}"
acme-search-prod,USD,2026-09-06T00:00:00Z,2026-09-07T00:00:00Z,Usage,Google Cloud,BigQuery,Analytics,us-central1,//bigquery.googleapis.com/projects/acme-search-prod/datasets/search_events,search_events,7.194,6.0966,6.0966,"{""costtrace_sha"":""e4f5a6b7c8d9"",""costtrace_repo"":""acme_search"",""costtrace_service"":""search"",""env"":""prod""}"
acme-reports-sub,USD,2026-09-06T00:00:00Z,2026-09-07T00:00:00Z,Usage,Microsoft,Storage,Storage,eastus,/subscriptions/acme-reports-sub/resourceGroups/reports/providers/Microsoft.Storage/storageAccounts/rptarchive,rptarchive,9.3106,7.8903,7.8903,"{""costtrace_sha"":""e4f5a6b7c8d9"",""costtrace_repo"":""acme_reports"",""costtrace_service"":""reports"",""env"":""prod""}"
acme-reports-sub,USD,2026-09-06T00:00:00Z,2026-09-07T00:00:00Z,Usage,Microsoft,Azure Functions,Compute,eastus,/subscriptions/acme-reports-sub/resourceGroups/reports/providers/Microsoft.Web/sites/report-builder,report-builder,4.7247,4.004,4.004,"{""costtrace_sha"":""e4f5a6b7c8d9"",""costtrace_repo"":""acme_reports"",""costtrace_service"":""reports"",""env"":""prod""}"
111122223333,USD,2026-09-06T00:00:00Z,2026-09-07T00:00:00Z,Tax,AWS,Tax,Other,,,,3.1,3.1,3.1,
111122223333,USD,2026-09-06T00:00:00Z,2026-09-07T00:00:00Z,Usage,AWS,AWS Support,Other,,,,5,5,5,
111122223333,USD,2026-09-07T00:00:00Z,2026-09-08T00:00:00Z,Usage,AWS,Amazon EC2,Compute,us-east-1,arn:aws:ec2:us-east-1:111122223333:autoscaling/checkout-api,checkout-api-asg,43.5022,36.8663,36.8663,"{""costtrace_sha"":""e4f5a6b7c8d9"",""costtrace_repo"":""acme_checkout"",""costtrace_service"":""checkout"",""env"":""prod""}"
111122223333,USD,2026-09-07T00:00:00Z,2026-09-08T00:00:00Z,Usage,AWS,Amazon RDS,Databases,us-east-1,arn:aws:rds:us-east-1:111122223333:db/orders,orders-db,61.6445,52.2411,52.2411,"{""costtrace_sha"":""e4f5a6b7c8d9"",""costtrace_repo"":""acme_checkout"",""costtrace_service"":""checkout"",""env"":""prod""}"
acme-search-prod,USD,2026-09-07T00:00:00Z,2026-09-08T00:00:00Z,Usage,Google Cloud,Compute Engine,Compute,us-central1,//compute.googleapis.com/projects/acme-search-prod/zones/us-central1-a/instances/search-indexer,search-indexer,11.8391,10.0331,10.0331,"{""costtrace_sha"":""e4f5a6b7c8d9"",""costtrace_repo"":""acme_search"",""costtrace_service"":""search"",""env"":""prod""}"
acme-search-prod,USD,2026-09-07T00:00:00Z,2026-09-08T00:00:00Z,Usage,Google Cloud,BigQuery,Analytics,us-central1,//bigquery.googleapis.com/projects/acme-search-prod/datasets/search_events,search_events,7.1443,6.0545,6.0545,"{""costtrace_sha"":""e4f5a6b7c8d9"",""costtrace_repo"":""acme_search"",""costtrace_service"":""search"",""env"":""prod""}"
acme-reports-sub,USD,2026-09-07T00:00:00Z,2026-09-08T00:00:00Z,Usage,Microsoft,Storage,Storage,eastus,/subscriptions/acme-reports-sub/resourceGroups/reports/providers/Microsoft.Storage/storageAccounts/rptarchive,rptarchive,9.5545,8.097,8.097,"{""costtrace_sha"":""e4f5a6b7c8d9"",""costtrace_repo"":""acme_reports"",""costtrace_service"":""reports"",""env"":""prod""}"
acme-reports-sub,USD,2026-09-07T00:00:00Z,2026-09-08T00:00:00Z,Usage,Microsoft,Azure Functions,Compute,eastus,/subscriptions/acme-reports-sub/resourceGroups/reports/providers/Microsoft.Web/sites/report-builder,report-builder,4.8202,4.0849,4.0849,"{""costtrace_sha"":""e4f5a6b7c8d9"",""costtrace_repo"":""acme_reports"",""costtrace_service"":""reports"",""env"":""prod""}"
111122223333,USD,2026-09-07T00:00:00Z,2026-09-08T00:00:00Z,Tax,AWS,Tax,Other,,,,3.1,3.1,3.1,
111122223333,USD,2026-09-07T00:00:00Z,2026-09-08T00:00:00Z,Usage,AWS,AWS Support,Other,,,,5,5,5,
111122223333,USD,2026-09-08T00:00:00Z,2026-09-09T00:00:00Z,Usage,AWS,Amazon EC2,Compute,us-east-1,arn:aws:ec2:us-east-1:111122223333:autoscaling/checkout-api,checkout-api-asg,45.6815,38.7131,38.7131,"{""costtrace_sha"":""e4f5a6b7c8d9"",""costtrace_repo"":""acme_checkout"",""costtrace_service"":""checkout"",""env"":""prod""}"
111122223333,USD,2026-09-08T00:00:00Z,2026-09-09T00:00:00Z,Usage,AWS,Amazon RDS,Databases,us-east-1,arn:aws:rds:us-east-1:111122223333:db/orders,orders-db,60.366,51.1576,51.1576,"{""costtrace_sha"":""e4f5a6b7c8d9"",""costtrace_repo"":""acme_checkout"",""costtrace_service"":""checkout"",""env"":""prod""}"
111122223333,USD,2026-09-08T00:00:00Z,2026-09-09T00:00:00Z,Usage,AWS,Amazon VPC,Networking,us-east-1,arn:aws:ec2:us-east-1:111122223333:natgateway/nat-0a1b2c3d,checkout-egress-nat,22.1196,18.7454,18.7454,"{""costtrace_sha"":""9f1c2ab7d3e4"",""costtrace_repo"":""acme_checkout"",""costtrace_service"":""checkout"",""env"":""prod""}"
111122223333,USD,2026-09-08T00:00:00Z,2026-09-09T00:00:00Z,Usage,AWS,Amazon CloudWatch,Management and Governance,us-east-1,arn:aws:logs:us-east-1:111122223333:log-group/checkout-egress,checkout-egress-logs,0.5874,0.4978,0.4978,"{""costtrace_sha"":""9f1c2ab7d3e4"",""costtrace_repo"":""acme_checkout"",""costtrace_service"":""checkout"",""env"":""prod""}"
acme-search-prod,USD,2026-09-08T00:00:00Z,2026-09-09T00:00:00Z,Usage,Google Cloud,Compute Engine,Compute,us-central1,//compute.googleapis.com/projects/acme-search-prod/zones/us-central1-a/instances/search-indexer,search-indexer,12.0958,10.2507,10.2507,"{""costtrace_sha"":""e4f5a6b7c8d9"",""costtrace_repo"":""acme_search"",""costtrace_service"":""search"",""env"":""prod""}"
acme-search-prod,USD,2026-09-08T00:00:00Z,2026-09-09T00:00:00Z,Usage,Google Cloud,BigQuery,Analytics,us-central1,//bigquery.googleapis.com/projects/acme-search-prod/datasets/search_events,search_events,6.9268,5.8702,5.8702,"{""costtrace_sha"":""e4f5a6b7c8d9"",""costtrace_repo"":""acme_search"",""costtrace_service"":""search"",""env"":""prod""}"
acme-reports-sub,USD,2026-09-08T00:00:00Z,2026-09-09T00:00:00Z,Usage,Microsoft,Storage,Storage,eastus,/subscriptions/acme-reports-sub/resourceGroups/reports/providers/Microsoft.Storage/storageAccounts/rptarchive,rptarchive,9.6362,8.1663,8.1663,"{""costtrace_sha"":""e4f5a6b7c8d9"",""costtrace_repo"":""acme_reports"",""costtrace_service"":""reports"",""env"":""prod""}"
acme-reports-sub,USD,2026-09-08T00:00:00Z,2026-09-09T00:00:00Z,Usage,Microsoft,Azure Functions,Compute,eastus,/subscriptions/acme-reports-sub/resourceGroups/reports/providers/Microsoft.Web/sites/report-builder,report-builder,4.6605,3.9496,3.9496,"{""costtrace_sha"":""e4f5a6b7c8d9"",""costtrace_repo"":""acme_reports"",""costtrace_service"":""reports"",""env"":""prod""}"
111122223333,USD,2026-09-08T00:00:00Z,2026-09-09T00:00:00Z,Tax,AWS,Tax,Other,,,,3.1,3.1,3.1,
111122223333,USD,2026-09-08T00:00:00Z,2026-09-09T00:00:00Z,Usage,AWS,AWS Support,Other,,,,5,5,5,
111122223333,USD,2026-09-09T00:00:00Z,2026-09-10T00:00:00Z,Usage,AWS,Amazon EC2,Compute,us-east-1,arn:aws:ec2:us-east-1:111122223333:autoscaling/checkout-api,checkout-api-asg,43.5421,36.9001,36.9001,"{""costtrace_sha"":""e4f5a6b7c8d9"",""costtrace_repo"":""acme_checkout"",""costtrace_service"":""checkout"",""env"":""prod""}"
111122223333,USD,2026-09-09T00:00:00Z,2026-09-10T00:00:00Z,Usage,AWS,Amazon RDS,Databases,us-east-1,arn:aws:rds:us-east-1:111122223333:db/orders,orders-db,61.3185,51.9648,51.9648,"{""costtrace_sha"":""e4f5a6b7c8d9"",""costtrace_repo"":""acme_checkout"",""costtrace_service"":""checkout"",""env"":""prod""}"
111122223333,USD,2026-09-09T00:00:00Z,2026-09-10T00:00:00Z,Usage,AWS,Amazon VPC,Networking,us-east-1,arn:aws:ec2:us-east-1:111122223333:natgateway/nat-0a1b2c3d,checkout-egress-nat,50.557,42.8449,42.8449,"{""costtrace_sha"":""9f1c2ab7d3e4"",""costtrace_repo"":""acme_checkout"",""costtrace_service"":""checkout"",""env"":""prod""}"
111122223333,USD,2026-09-09T00:00:00Z,2026-09-10T00:00:00Z,Usage,AWS,Amazon CloudWatch,Management and Governance,us-east-1,arn:aws:logs:us-east-1:111122223333:log-group/checkout-egress,checkout-egress-logs,1.3866,1.1751,1.1751,"{""costtrace_sha"":""9f1c2ab7d3e4"",""costtrace_repo"":""acme_checkout"",""costtrace_service"":""checkout"",""env"":""prod""}"
acme-search-prod,USD,2026-09-09T00:00:00Z,2026-09-10T00:00:00Z,Usage,Google Cloud,Compute Engine,Compute,us-central1,//compute.googleapis.com/projects/acme-search-prod/zones/us-central1-a/instances/search-indexer,search-indexer,12.1095,10.2623,10.2623,"{""costtrace_sha"":""e4f5a6b7c8d9"",""costtrace_repo"":""acme_search"",""costtrace_service"":""search"",""env"":""prod""}"
acme-search-prod,USD,2026-09-09T00:00:00Z,2026-09-10T00:00:00Z,Usage,Google Cloud,BigQuery,Analytics,us-central1,//bigquery.googleapis.com/projects/acme-search-prod/datasets/search_events,search_events,6.9699,5.9067,5.9067,"{""costtrace_sha"":""e4f5a6b7c8d9"",""costtrace_repo"":""acme_search"",""costtrace_service"":""search"",""env"":""prod""}"
acme-reports-sub,USD,2026-09-09T00:00:00Z,2026-09-10T00:00:00Z,Usage,Microsoft,Storage,Storage,eastus,/subscriptions/acme-reports-sub/resourceGroups/reports/providers/Microsoft.Storage/storageAccounts/rptarchive,rptarchive,9.3411,7.9162,7.9162,"{""costtrace_sha"":""e4f5a6b7c8d9"",""costtrace_repo"":""acme_reports"",""costtrace_service"":""reports"",""env"":""prod""}"
acme-reports-sub,USD,2026-09-09T00:00:00Z,2026-09-10T00:00:00Z,Usage,Microsoft,Azure Functions,Compute,eastus,/subscriptions/acme-reports-sub/resourceGroups/reports/providers/Microsoft.Web/sites/report-builder,report-builder,4.7523,4.0274,4.0274,"{""costtrace_sha"":""e4f5a6b7c8d9"",""costtrace_repo"":""acme_reports"",""costtrace_service"":""reports"",""env"":""prod""}"
111122223333,USD,2026-09-09T00:00:00Z,2026-09-10T00:00:00Z,Tax,AWS,Tax,Other,,,,3.1,3.1,3.1,
111122223333,USD,2026-09-09T00:00:00Z,2026-09-10T00:00:00Z,Usage,AWS,AWS Support,Other,,,,5,5,5,
111122223333,USD,2026-09-10T00:00:00Z,2026-09-11T00:00:00Z,Usage,AWS,Amazon EC2,Compute,us-east-1,arn:aws:ec2:us-east-1:111122223333:autoscaling/checkout-api,checkout-api-asg,45.4673,38.5316,38.5316,"{""costtrace_sha"":""e4f5a6b7c8d9"",""costtrace_repo"":""acme_checkout"",""costtrace_service"":""checkout"",""env"":""prod""}"
111122223333,USD,2026-09-10T00:00:00Z,2026-09-11T00:00:00Z,Usage,AWS,Amazon RDS,Databases,us-east-1,arn:aws:rds:us-east-1:111122223333:db/orders,orders-db,61.6718,52.2642,52.2642,"{""costtrace_sha"":""e4f5a6b7c8d9"",""costtrace_repo"":""acme_checkout"",""costtrace_service"":""checkout"",""env"":""prod""}"
111122223333,USD,2026-09-10T00:00:00Z,2026-09-11T00:00:00Z,Usage,AWS,Amazon VPC,Networking,us-east-1,arn:aws:ec2:us-east-1:111122223333:natgateway/nat-0a1b2c3d,checkout-egress-nat,52.9963,44.9121,44.9121,"{""costtrace_sha"":""9f1c2ab7d3e4"",""costtrace_repo"":""acme_checkout"",""costtrace_service"":""checkout"",""env"":""prod""}"
111122223333,USD,2026-09-10T00:00:00Z,2026-09-11T00:00:00Z,Usage,AWS,Amazon CloudWatch,Management and Governance,us-east-1,arn:aws:logs:us-east-1:111122223333:log-group/checkout-egress,checkout-egress-logs,1.4252,1.2078,1.2078,"{""costtrace_sha"":""9f1c2ab7d3e4"",""costtrace_repo"":""acme_checkout"",""costtrace_service"":""checkout"",""env"":""prod""}"
acme-search-prod,USD,2026-09-10T00:00:00Z,2026-09-11T00:00:00Z,Usage,Google Cloud,Compute Engine,Compute,us-central1,//compute.googleapis.com/projects/acme-search-prod/zones/us-central1-a/instances/search-indexer,search-indexer,22.6558,19.1998,19.1998,"{""costtrace_sha"":""3b7e91c04fa2"",""costtrace_repo"":""acme_search"",""costtrace_service"":""search"",""env"":""prod""}"
acme-search-prod,USD,2026-09-10T00:00:00Z,2026-09-11T00:00:00Z,Usage,Google Cloud,BigQuery,Analytics,us-central1,//bigquery.googleapis.com/projects/acme-search-prod/datasets/search_events,search_events,6.9054,5.852,5.852,"{""costtrace_sha"":""e4f5a6b7c8d9"",""costtrace_repo"":""acme_search"",""costtrace_service"":""search"",""env"":""prod""}"
acme-reports-sub,USD,2026-09-10T00:00:00Z,2026-09-11T00:00:00Z,Usage,Microsoft,Storage,Storage,eastus,/subscriptions/acme-reports-sub/resourceGroups/reports/providers/Microsoft.Storage/storageAccounts/rptarchive,rptarchive,9.3094,7.8893,7.8893,"{""costtrace_sha"":""e4f5a6b7c8d9"",""costtrace_repo"":""acme_reports"",""costtrace_service"":""reports"",""env"":""prod""}"
acme-reports-sub,USD,2026-09-10T00:00:00Z,2026-09-11T00:00:00Z,Usage,Microsoft,Azure Functions,Compute,eastus,/subscriptions/acme-reports-sub/resourceGroups/reports/providers/Microsoft.Web/sites/report-builder,report-builder,4.6011,3.8992,3.8992,"{""costtrace_sha"":""e4f5a6b7c8d9"",""costtrace_repo"":""acme_reports"",""costtrace_service"":""reports"",""env"":""prod""}"
111122223333,USD,2026-09-10T00:00:00Z,2026-09-11T00:00:00Z,Tax,AWS,Tax,Other,,,,3.1,3.1,3.1,
111122223333,USD,2026-09-10T00:00:00Z,2026-09-11T00:00:00Z,Usage,AWS,AWS Support,Other,,,,5,5,5,
111122223333,USD,2026-09-11T00:00:00Z,2026-09-12T00:00:00Z,Usage,AWS,Amazon EC2,Compute,us-east-1,arn:aws:ec2:us-east-1:111122223333:autoscaling/checkout-api,checkout-api-asg,45.9164,38.9122,38.9122,"{""costtrace_sha"":""e4f5a6b7c8d9"",""costtrace_repo"":""acme_checkout"",""costtrace_service"":""checkout"",""env"":""prod""}"
111122223333,USD,2026-09-11T00:00:00Z,2026-09-12T00:00:00Z,Usage,AWS,Amazon RDS,Databases,us-east-1,arn:aws:rds:us-east-1:111122223333:db/orders,orders-db,63.1127,53.4853,53.4853,"{""costtrace_sha"":""e4f5a6b7c8d9"",""costtrace_repo"":""acme_checkout"",""costtrace_service"":""checkout"",""env"":""prod""}"
111122223333,USD,2026-09-11T00:00:00Z,2026-09-12T00:00:00Z,Usage,AWS,Amazon VPC,Networking,us-east-1,arn:aws:ec2:us-east-1:111122223333:natgateway/nat-0a1b2c3d,checkout-egress-nat,51.2236,43.4098,43.4098,"{""costtrace_sha"":""9f1c2ab7d3e4"",""costtrace_repo"":""acme_checkout"",""costtrace_service"":""checkout"",""env"":""prod""}"
111122223333,USD,2026-09-11T00:00:00Z,2026-09-12T00:00:00Z,Usage,AWS,Amazon CloudWatch,Management and Governance,us-east-1,arn:aws:logs:us-east-1:111122223333:log-group/checkout-egress,checkout-egress-logs,1.4427,1.2226,1.2226,"{""costtrace_sha"":""9f1c2ab7d3e4"",""costtrace_repo"":""acme_checkout"",""costtrace_service"":""checkout"",""env"":""prod""}"
acme-search-prod,USD,2026-09-11T00:00:00Z,2026-09-12T00:00:00Z,Usage,Google Cloud,Compute Engine,Compute,us-central1,//compute.googleapis.com/projects/acme-search-prod/zones/us-central1-a/instances/search-indexer,search-indexer,29.0071,24.5823,24.5823,"{""costtrace_sha"":""3b7e91c04fa2"",""costtrace_repo"":""acme_search"",""costtrace_service"":""search"",""env"":""prod""}"
acme-search-prod,USD,2026-09-11T00:00:00Z,2026-09-12T00:00:00Z,Usage,Google Cloud,BigQuery,Analytics,us-central1,//bigquery.googleapis.com/projects/acme-search-prod/datasets/search_events,search_events,7.0468,5.9719,5.9719,"{""costtrace_sha"":""e4f5a6b7c8d9"",""costtrace_repo"":""acme_search"",""costtrace_service"":""search"",""env"":""prod""}"
acme-reports-sub,USD,2026-09-11T00:00:00Z,2026-09-12T00:00:00Z,Usage,Microsoft,Storage,Storage,eastus,/subscriptions/acme-reports-sub/resourceGroups/reports/providers/Microsoft.Storage/storageAccounts/rptarchive,rptarchive,9.1975,7.7945,7.7945,"{""costtrace_sha"":""e4f5a6b7c8d9"",""costtrace_repo"":""acme_reports"",""costtrace_service"":""reports"",""env"":""prod""}"
acme-reports-sub,USD,2026-09-11T00:00:00Z,2026-09-12T00:00:00Z,Usage,Microsoft,Azure Functions,Compute,eastus,/subscriptions/acme-reports-sub/resourceGroups/reports/providers/Microsoft.Web/sites/report-builder,report-builder,4.5857,3.8862,3.8862,"{""costtrace_sha"":""e4f5a6b7c8d9"",""costtrace_repo"":""acme_reports"",""costtrace_service"":""reports"",""env"":""prod""}"
111122223333,USD,2026-09-11T00:00:00Z,2026-09-12T00:00:00Z,Tax,AWS,Tax,Other,,,,3.1,3.1,3.1,
111122223333,USD,2026-09-11T00:00:00Z,2026-09-12T00:00:00Z,Usage,AWS,AWS Support,Other,,,,5,5,5,
111122223333,USD,2026-09-12T00:00:00Z,2026-09-13T00:00:00Z,Usage,AWS,Amazon EC2,Compute,us-east-1,arn:aws:ec2:us-east-1:111122223333:autoscaling/checkout-api,checkout-api-asg,43.8901,37.195,37.195,"{""costtrace_sha"":""e4f5a6b7c8d9"",""costtrace_repo"":""acme_checkout"",""costtrace_service"":""checkout"",""env"":""prod""}"
111122223333,USD,2026-09-12T00:00:00Z,2026-09-13T00:00:00Z,Usage,AWS,Amazon RDS,Databases,us-east-1,arn:aws:rds:us-east-1:111122223333:db/orders,orders-db,60.8286,51.5497,51.5497,"{""costtrace_sha"":""e4f5a6b7c8d9"",""costtrace_repo"":""acme_checkout"",""costtrace_service"":""checkout"",""env"":""prod""}"
111122223333,USD,2026-09-12T00:00:00Z,2026-09-13T00:00:00Z,Usage,AWS,Amazon VPC,Networking,us-east-1,arn:aws:ec2:us-east-1:111122223333:natgateway/nat-0a1b2c3d,checkout-egress-nat,52.1717,44.2133,44.2133,"{""costtrace_sha"":""9f1c2ab7d3e4"",""costtrace_repo"":""acme_checkout"",""costtrace_service"":""checkout"",""env"":""prod""}"
111122223333,USD,2026-09-12T00:00:00Z,2026-09-13T00:00:00Z,Usage,AWS,Amazon CloudWatch,Management and Governance,us-east-1,arn:aws:logs:us-east-1:111122223333:log-group/checkout-egress,checkout-egress-logs,1.458,1.2356,1.2356,"{""costtrace_sha"":""9f1c2ab7d3e4"",""costtrace_repo"":""acme_checkout"",""costtrace_service"":""checkout"",""env"":""prod""}"
acme-search-prod,USD,2026-09-12T00:00:00Z,2026-09-13T00:00:00Z,Usage,Google Cloud,Compute Engine,Compute,us-central1,//compute.googleapis.com/projects/acme-search-prod/zones/us-central1-a/instances/search-indexer,search-indexer,29.3651,24.8857,24.8857,"{""costtrace_sha"":""3b7e91c04fa2"",""costtrace_repo"":""acme_search"",""costtrace_service"":""search"",""env"":""prod""}"
acme-search-prod,USD,2026-09-12T00:00:00Z,2026-09-13T00:00:00Z,Usage,Google Cloud,BigQuery,Analytics,us-central1,//bigquery.googleapis.com/projects/acme-search-prod/datasets/search_events,search_events,7.0289,5.9567,5.9567,"{""costtrace_sha"":""e4f5a6b7c8d9"",""costtrace_repo"":""acme_search"",""costtrace_service"":""search"",""env"":""prod""}"
acme-reports-sub,USD,2026-09-12T00:00:00Z,2026-09-13T00:00:00Z,Usage,Microsoft,Storage,Storage,eastus,/subscriptions/acme-reports-sub/resourceGroups/reports/providers/Microsoft.Storage/storageAccounts/rptarchive,rptarchive,6.6284,5.6173,5.6173,"{""costtrace_sha"":""e4f5a6b7c8d9"",""costtrace_repo"":""acme_reports"",""costtrace_service"":""reports"",""env"":""prod""}"
acme-reports-sub,USD,2026-09-12T00:00:00Z,2026-09-13T00:00:00Z,Usage,Microsoft,Azure Functions,Compute,eastus,/subscriptions/acme-reports-sub/resourceGroups/reports/providers/Microsoft.Web/sites/report-builder,report-builder,5.1036,4.3251,4.3251,"{""costtrace_sha"":""c05d8e2f61b9"",""costtrace_repo"":""acme_reports"",""costtrace_service"":""reports"",""env"":""prod""}"
111122223333,USD,2026-09-12T00:00:00Z,2026-09-13T00:00:00Z,Tax,AWS,Tax,Other,,,,3.1,3.1,3.1,
111122223333,USD,2026-09-12T00:00:00Z,2026-09-13T00:00:00Z,Usage,AWS,AWS Support,Other,,,,5,5,5,
111122223333,USD,2026-09-13T00:00:00Z,2026-09-14T00:00:00Z,Usage,AWS,Amazon EC2,Compute,us-east-1,arn:aws:ec2:us-east-1:111122223333:autoscaling/checkout-api,checkout-api-asg,44.6131,37.8077,37.8077,"{""costtrace_sha"":""e4f5a6b7c8d9"",""costtrace_repo"":""acme_checkout"",""costtrace_service"":""checkout"",""env"":""prod""}"
111122223333,USD,2026-09-13T00:00:00Z,2026-09-14T00:00:00Z,Usage,AWS,Amazon RDS,Databases,us-east-1,arn:aws:rds:us-east-1:111122223333:db/orders,orders-db,59.6023,50.5104,50.5104,"{""costtrace_sha"":""e4f5a6b7c8d9"",""costtrace_repo"":""acme_checkout"",""costtrace_service"":""checkout"",""env"":""prod""}"
111122223333,USD,2026-09-13T00:00:00Z,2026-09-14T00:00:00Z,Usage,AWS,Amazon VPC,Networking,us-east-1,arn:aws:ec2:us-east-1:111122223333:natgateway/nat-0a1b2c3d,checkout-egress-nat,52.8408,44.7803,44.7803,"{""costtrace_sha"":""9f1c2ab7d3e4"",""costtrace_repo"":""acme_checkout"",""costtrace_service"":""checkout"",""env"":""prod""}"
111122223333,USD,2026-09-13T00:00:00Z,2026-09-14T00:00:00Z,Usage,AWS,Amazon CloudWatch,Management and Governance,us-east-1,arn:aws:logs:us-east-1:111122223333:log-group/checkout-egress,checkout-egress-logs,1.4102,1.1951,1.1951,"{""costtrace_sha"":""9f1c2ab7d3e4"",""costtrace_repo"":""acme_checkout"",""costtrace_service"":""checkout"",""env"":""prod""}"
acme-search-prod,USD,2026-09-13T00:00:00Z,2026-09-14T00:00:00Z,Usage,Google Cloud,Compute Engine,Compute,us-central1,//compute.googleapis.com/projects/acme-search-prod/zones/us-central1-a/instances/search-indexer,search-indexer,30.0835,25.4945,25.4945,"{""costtrace_sha"":""3b7e91c04fa2"",""costtrace_repo"":""acme_search"",""costtrace_service"":""search"",""env"":""prod""}"
acme-search-prod,USD,2026-09-13T00:00:00Z,2026-09-14T00:00:00Z,Usage,Google Cloud,BigQuery,Analytics,us-central1,//bigquery.googleapis.com/projects/acme-search-prod/datasets/search_events,search_events,6.9402,5.8815,5.8815,"{""costtrace_sha"":""e4f5a6b7c8d9"",""costtrace_repo"":""acme_search"",""costtrace_service"":""search"",""env"":""prod""}"
acme-reports-sub,USD,2026-09-13T00:00:00Z,2026-09-14T00:00:00Z,Usage,Microsoft,Azure Functions,Compute,eastus,/subscriptions/acme-reports-sub/resourceGroups/reports/providers/Microsoft.Web/sites/report-builder,report-builder,5.9644,5.0546,5.0546,"{""costtrace_sha"":""c05d8e2f61b9"",""costtrace_repo"":""acme_reports"",""costtrace_service"":""reports"",""env"":""prod""}"
111122223333,USD,2026-09-13T00:00:00Z,2026-09-14T00:00:00Z,Tax,AWS,Tax,Other,,,,3.1,3.1,3.1,
111122223333,USD,2026-09-13T00:00:00Z,2026-09-14T00:00:00Z,Usage,AWS,AWS Support,Other,,,,5,5,5,
111122223333,USD,2026-09-14T00:00:00Z,2026-09-15T00:00:00Z,Usage,AWS,Amazon EC2,Compute,us-east-1,arn:aws:ec2:us-east-1:111122223333:autoscaling/checkout-api,checkout-api-asg,44.9204,38.0681,38.0681,"{""costtrace_sha"":""e4f5a6b7c8d9"",""costtrace_repo"":""acme_checkout"",""costtrace_service"":""checkout"",""env"":""prod""}"
111122223333,USD,2026-09-14T00:00:00Z,2026-09-15T00:00:00Z,Usage,AWS,Amazon RDS,Databases,us-east-1,arn:aws:rds:us-east-1:111122223333:db/orders,orders-db,62.3317,52.8235,52.8235,"{""costtrace_sha"":""e4f5a6b7c8d9"",""costtrace_repo"":""acme_checkout"",""costtrace_service"":""checkout"",""env"":""prod""}"
111122223333,USD,2026-09-14T00:00:00Z,2026-09-15T00:00:00Z,Usage,AWS,Amazon VPC,Networking,us-east-1,arn:aws:ec2:us-east-1:111122223333:natgateway/nat-0a1b2c3d,checkout-egress-nat,52.4398,44.4405,44.4405,"{""costtrace_sha"":""9f1c2ab7d3e4"",""costtrace_repo"":""acme_checkout"",""costtrace_service"":""checkout"",""env"":""prod""}"
111122223333,USD,2026-09-14T00:00:00Z,2026-09-15T00:00:00Z,Usage,AWS,Amazon CloudWatch,Management and Governance,us-east-1,arn:aws:logs:us-east-1:111122223333:log-group/checkout-egress,checkout-egress-logs,1.4148,1.199,1.199,"{""costtrace_sha"":""9f1c2ab7d3e4"",""costtrace_repo"":""acme_checkout"",""costtrace_service"":""checkout"",""env"":""prod""}"
acme-search-prod,USD,2026-09-14T00:00:00Z,2026-09-15T00:00:00Z,Usage,Google Cloud,Compute Engine,Compute,us-central1,//compute.googleapis.com/projects/acme-search-prod/zones/us-central1-a/instances/search-indexer,search-indexer,29.354,24.8763,24.8763,"{""costtrace_sha"":""3b7e91c04fa2"",""costtrace_repo"":""acme_search"",""costtrace_service"":""search"",""env"":""prod""}"
acme-search-prod,USD,2026-09-14T00:00:00Z,2026-09-15T00:00:00Z,Usage,Google Cloud,BigQuery,Analytics,us-central1,//bigquery.googleapis.com/projects/acme-search-prod/datasets/search_events,search_events,6.9672,5.9044,5.9044,"{""costtrace_sha"":""e4f5a6b7c8d9"",""costtrace_repo"":""acme_search"",""costtrace_service"":""search"",""env"":""prod""}"
acme-reports-sub,USD,2026-09-14T00:00:00Z,2026-09-15T00:00:00Z,Usage,Microsoft,Azure Functions,Compute,eastus,/subscriptions/acme-reports-sub/resourceGroups/reports/providers/Microsoft.Web/sites/report-builder,report-builder,5.727,4.8534,4.8534,"{""costtrace_sha"":""c05d8e2f61b9"",""costtrace_repo"":""acme_reports"",""costtrace_service"":""reports"",""env"":""prod""}"
111122223333,USD,2026-09-14T00:00:00Z,2026-09-15T00:00:00Z,Tax,AWS,Tax,Other,,,,3.1,3.1,3.1,
111122223333,USD,2026-09-14T00:00:00Z,2026-09-15T00:00:00Z,Usage,AWS,AWS Support,Other,,,,5,5,5,
111122223333,USD,2026-09-15T00:00:00Z,2026-09-16T00:00:00Z,Usage,AWS,Amazon EC2,Compute,us-east-1,arn:aws:ec2:us-east-1:111122223333:autoscaling/checkout-api,checkout-api-asg,44.3807,37.6108,37.6108,"{""costtrace_sha"":""e4f5a6b7c8d9"",""costtrace_repo"":""acme_checkout"",""costtrace_service"":""checkout"",""env"":""prod""}"
111122223333,USD,2026-09-15T00:00:00Z,2026-09-16T00:00:00Z,Usage,AWS,Amazon RDS,Databases,us-east-1,arn:aws:rds:us-east-1:111122223333:db/orders,orders-db,61.5083,52.1257,52.1257,"{""costtrace_sha"":""e4f5a6b7c8d9"",""costtrace_repo"":""acme_checkout"",""costtrace_service"":""checkout"",""env"":""prod""}"
111122223333,USD,2026-09-15T00:00:00Z,2026-09-16T00:00:00Z,Usage,AWS,Amazon VPC,Networking,us-east-1,arn:aws:ec2:us-east-1:111122223333:natgateway/nat-0a1b2c3d,checkout-egress-nat,51.3801,43.5425,43.5425,"{""costtrace_sha"":""9f1c2ab7d3e4"",""costtrace_repo"":""acme_checkout"",""costtrace_service"":""checkout"",""env"":""prod""}"
111122223333,USD,2026-09-15T00:00:00Z,2026-09-16T00:00:00Z,Usage,AWS,Amazon CloudWatch,Management and Governance,us-east-1,arn:aws:logs:us-east-1:111122223333:log-group/checkout-egress,checkout-egress-logs,1.4574,1.2351,1.2351,"{""costtrace_sha"":""9f1c2ab7d3e4"",""costtrace_repo"":""acme_checkout"",""costtrace_service"":""checkout"",""env"":""prod""}"
acme-search-prod,USD,2026-09-15T00:00:00Z,2026-09-16T00:00:00Z,Usage,Google Cloud,Compute Engine,Compute,us-central1,//compute.googleapis.com/projects/acme-search-prod/zones/us-central1-a/instances/search-indexer,search-indexer,30.0734,25.4859,25.4859,"{""costtrace_sha"":""3b7e91c04fa2"",""costtrace_repo"":""acme_search"",""costtrace_service"":""search"",""env"":""prod""}"
acme-search-prod,USD,2026-09-15T00:00:00Z,2026-09-16T00:00:00Z,Usage,Google Cloud,BigQuery,Analytics,us-central1,//bigquery.googleapis.com/projects/acme-search-prod/datasets/search_events,search_events,7.1207,6.0345,6.0345,"{""costtrace_sha"":""e4f5a6b7c8d9"",""costtrace_repo"":""acme_search"",""costtrace_service"":""search"",""env"":""prod""}"
acme-reports-sub,USD,2026-09-15T00:00:00Z,2026-09-16T00:00:00Z,Usage,Microsoft,Azure Functions,Compute,eastus,/subscriptions/acme-reports-sub/resourceGroups/reports/providers/Microsoft.Web/sites/report-builder,report-builder,5.7579,4.8796,4.8796,"{""costtrace_sha"":""c05d8e2f61b9"",""costtrace_repo"":""acme_reports"",""costtrace_service"":""reports"",""env"":""prod""}"
111122223333,USD,2026-09-15T00:00:00Z,2026-09-16T00:00:00Z,Tax,AWS,Tax,Other,,,,3.1,3.1,3.1,
111122223333,USD,2026-09-15T00:00:00Z,2026-09-16T00:00:00Z,Usage,AWS,AWS Support,Other,,,,5,5,5,
111122223333,USD,2026-09-16T00:00:00Z,2026-09-17T00:00:00Z,Usage,AWS,Amazon EC2,Compute,us-east-1,arn:aws:ec2:us-east-1:111122223333:autoscaling/checkout-api,checkout-api-asg,46.0596,39.0336,39.0336,"{""costtrace_sha"":""e4f5a6b7c8d9"",""costtrace_repo"":""acme_checkout"",""costtrace_service"":""checkout"",""env"":""prod""}"
111122223333,USD,2026-09-16T00:00:00Z,2026-09-17T00:00:00Z,Usage,AWS,Amazon RDS,Databases,us-east-1,arn:aws:rds:us-east-1:111122223333:db/orders,orders-db,61.6726,52.2649,52.2649,"{""costtrace_sha"":""e4f5a6b7c8d9"",""costtrace_repo"":""acme_checkout"",""costtrace_service"":""checkout"",""env"":""prod""}"
111122223333,USD,2026-09-16T00:00:00Z,2026-09-17T00:00:00Z,Usage,AWS,Amazon VPC,Networking,us-east-1,arn:aws:ec2:us-east-1:111122223333:natgateway/nat-0a1b2c3d,checkout-egress-nat,52.3357,44.3523,44.3523,"{""costtrace_sha"":""9f1c2ab7d3e4"",""costtrace_repo"":""acme_checkout"",""costtrace_service"":""checkout"",""env"":""prod""}"
111122223333,USD,2026-09-16T00:00:00Z,2026-09-17T00:00:00Z,Usage,AWS,Amazon CloudWatch,Management and Governance,us-east-1,arn:aws:logs:us-east-1:111122223333:log-group/checkout-egress,checkout-egress-logs,1.3841,1.173,1.173,"{""costtrace_sha"":""9f1c2ab7d3e4"",""costtrace_repo"":""acme_checkout"",""costtrace_service"":""checkout"",""env"":""prod""}"
acme-search-prod,USD,2026-09-16T00:00:00Z,2026-09-17T00:00:00Z,Usage,Google Cloud,Compute Engine,Compute,us-central1,//compute.googleapis.com/projects/acme-search-prod/zones/us-central1-a/instances/search-indexer,search-indexer,28.7849,24.394,24.394,"{""costtrace_sha"":""3b7e91c04fa2"",""costtrace_repo"":""acme_search"",""costtrace_service"":""search"",""env"":""prod""}"
acme-search-prod,USD,2026-09-16T00:00:00Z,2026-09-17T00:00:00Z,Usage,Google Cloud,BigQuery,Analytics,us-central1,//bigquery.googleapis.com/projects/acme-search-prod/datasets/search_events,search_events,7.2208,6.1193,6.1193,"{""costtrace_sha"":""e4f5a6b7c8d9"",""costtrace_repo"":""acme_search"",""costtrace_service"":""search"",""env"":""prod""}"
acme-reports-sub,USD,2026-09-16T00:00:00Z,2026-09-17T00:00:00Z,Usage,Microsoft,Azure Functions,Compute,eastus,/subscriptions/acme-reports-sub/resourceGroups/reports/providers/Microsoft.Web/sites/report-builder,report-builder,5.9601,5.0509,5.0509,"{""costtrace_sha"":""c05d8e2f61b9"",""costtrace_repo"":""acme_reports"",""costtrace_service"":""reports"",""env"":""prod""}"
111122223333,USD,2026-09-16T00:00:00Z,2026-09-17T00:00:00Z,Tax,AWS,Tax,Other,,,,3.1,3.1,3.1,
111122223333,USD,2026-09-16T00:00:00Z,2026-09-17T00:00:00Z,Usage,AWS,AWS Support,Other,,,,5,5,5,
111122223333,USD,2026-09-17T00:00:00Z,2026-09-18T00:00:00Z,Usage,AWS,Amazon EC2,Compute,us-east-1,arn:aws:ec2:us-east-1:111122223333:autoscaling/checkout-api,checkout-api-asg,44.7462,37.9205,37.9205,"{""costtrace_sha"":""e4f5a6b7c8d9"",""costtrace_repo"":""acme_checkout"",""costtrace_service"":""checkout"",""env"":""prod""}"
111122223333,USD,2026-09-17T00:00:00Z,2026-09-18T00:00:00Z,Usage,AWS,Amazon RDS,Databases,us-east-1,arn:aws:rds:us-east-1:111122223333:db/orders,orders-db,62.3921,52.8747,52.8747,"{""costtrace_sha"":""e4f5a6b7c8d9"",""costtrace_repo"":""acme_checkout"",""costtrace_service"":""checkout"",""env"":""prod""}"
111122223333,USD,2026-09-17T00:00:00Z,2026-09-18T00:00:00Z,Usage,AWS,Amazon VPC,Networking,us-east-1,arn:aws:ec2:us-east-1:111122223333:natgateway/nat-0a1b2c3d,checkout-egress-nat,52.4862,44.4798,44.4798,"{""costtrace_sha"":""9f1c2ab7d3e4"",""costtrace_repo"":""acme_checkout"",""costtrace_service"":""checkout"",""env"":""prod""}"
111122223333,USD,2026-09-17T00:00:00Z,2026-09-18T00:00:00Z,Usage,AWS,Amazon CloudWatch,Management and Governance,us-east-1,arn:aws:logs:us-east-1:111122223333:log-group/checkout-egress,checkout-egress-logs,1.4472,1.2264,1.2264,"{""costtrace_sha"":""9f1c2ab7d3e4"",""costtrace_repo"":""acme_checkout"",""costtrace_service"":""checkout"",""env"":""prod""}"
acme-search-prod,USD,2026-09-17T00:00:00Z,2026-09-18T00:00:00Z,Usage,Google Cloud,Compute Engine,Compute,us-central1,//compute.googleapis.com/projects/acme-search-prod/zones/us-central1-a/instances/search-indexer,search-indexer,29.2114,24.7554,24.7554,"{""costtrace_sha"":""3b7e91c04fa2"",""costtrace_repo"":""acme_search"",""costtrace_service"":""search"",""env"":""prod""}"
acme-search-prod,USD,2026-09-17T00:00:00Z,2026-09-18T00:00:00Z,Usage,Google Cloud,BigQuery,Analytics,us-central1,//bigquery.googleapis.com/projects/acme-search-prod/datasets/search_events,search_events,6.922,5.8661,5.8661,"{""costtrace_sha"":""e4f5a6b7c8d9"",""costtrace_repo"":""acme_search"",""costtrace_service"":""search"",""env"":""prod""}"
acme-reports-sub,USD,2026-09-17T00:00:00Z,2026-09-18T00:00:00Z,Usage,Microsoft,Azure Functions,Compute,eastus,/subscriptions/acme-reports-sub/resourceGroups/reports/providers/Microsoft.Web/sites/report-builder,report-builder,5.8848,4.9871,4.9871,"{""costtrace_sha"":""c05d8e2f61b9"",""costtrace_repo"":""acme_reports"",""costtrace_service"":""reports"",""env"":""prod""}"
111122223333,USD,2026-09-17T00:00:00Z,2026-09-18T00:00:00Z,Tax,AWS,Tax,Other,,,,3.1,3.1,3.1,
111122223333,USD,2026-09-17T00:00:00Z,2026-09-18T00:00:00Z,Usage,AWS,AWS Support,Other,,,,5,5,5,
111122223333,USD,2026-09-18T00:00:00Z,2026-09-19T00:00:00Z,Usage,AWS,Amazon EC2,Compute,us-east-1,arn:aws:ec2:us-east-1:111122223333:autoscaling/checkout-api,checkout-api-asg,43.6769,37.0143,37.0143,"{""costtrace_sha"":""e4f5a6b7c8d9"",""costtrace_repo"":""acme_checkout"",""costtrace_service"":""checkout"",""env"":""prod""}"
111122223333,USD,2026-09-18T00:00:00Z,2026-09-19T00:00:00Z,Usage,AWS,Amazon RDS,Databases,us-east-1,arn:aws:rds:us-east-1:111122223333:db/orders,orders-db,75.2878,63.8032,63.8032,"{""costtrace_sha"":""e4f5a6b7c8d9"",""costtrace_repo"":""acme_checkout"",""costtrace_service"":""checkout"",""env"":""prod""}"
111122223333,USD,2026-09-18T00:00:00Z,2026-09-19T00:00:00Z,Usage,AWS,Amazon VPC,Networking,us-east-1,arn:aws:ec2:us-east-1:111122223333:natgateway/nat-0a1b2c3d,checkout-egress-nat,51.5465,43.6835,43.6835,"{""costtrace_sha"":""9f1c2ab7d3e4"",""costtrace_repo"":""acme_checkout"",""costtrace_service"":""checkout"",""env"":""prod""}"
111122223333,USD,2026-09-18T00:00:00Z,2026-09-19T00:00:00Z,Usage,AWS,Amazon CloudWatch,Management and Governance,us-east-1,arn:aws:logs:us-east-1:111122223333:log-group/checkout-egress,checkout-egress-logs,1.4337,1.215,1.215,"{""costtrace_sha"":""9f1c2ab7d3e4"",""costtrace_repo"":""acme_checkout"",""costtrace_service"":""checkout"",""env"":""prod""}"
acme-search-prod,USD,2026-09-18T00:00:00Z,2026-09-19T00:00:00Z,Usage,Google Cloud,Compute Engine,Compute,us-central1,//compute.googleapis.com/projects/acme-search-prod/zones/us-central1-a/instances/search-indexer,search-indexer,29.5142,25.012,25.012,"{""costtrace_sha"":""3b7e91c04fa2"",""costtrace_repo"":""acme_search"",""costtrace_service"":""search"",""env"":""prod""}"
acme-search-prod,USD,2026-09-18T00:00:00Z,2026-09-19T00:00:00Z,Usage,Google Cloud,BigQuery,Analytics,us-central1,//bigquery.googleapis.com/projects/acme-search-prod/datasets/search_events,search_events,6.8964,5.8444,5.8444,"{""costtrace_sha"":""e4f5a6b7c8d9"",""costtrace_repo"":""acme_search"",""costtrace_service"":""search"",""env"":""prod""}"
acme-reports-sub,USD,2026-09-18T00:00:00Z,2026-09-19T00:00:00Z,Usage,Microsoft,Azure Functions,Compute,eastus,/subscriptions/acme-reports-sub/resourceGroups/reports/providers/Microsoft.Web/sites/report-builder,report-builder,5.7551,4.8772,4.8772,"{""costtrace_sha"":""c05d8e2f61b9"",""costtrace_repo"":""acme_reports"",""costtrace_service"":""reports"",""env"":""prod""}"
111122223333,USD,2026-09-18T00:00:00Z,2026-09-19T00:00:00Z,Tax,AWS,Tax,Other,,,,3.1,3.1,3.1,
111122223333,USD,2026-09-18T00:00:00Z,2026-09-19T00:00:00Z,Usage,AWS,AWS Support,Other,,,,5,5,5,
111122223333,USD,2026-09-19T00:00:00Z,2026-09-20T00:00:00Z,Usage,AWS,Amazon EC2,Compute,us-east-1,arn:aws:ec2:us-east-1:111122223333:autoscaling/checkout-api,checkout-api-asg,44.9435,38.0877,38.0877,"{""costtrace_sha"":""e4f5a6b7c8d9"",""costtrace_repo"":""acme_checkout"",""costtrace_service"":""checkout"",""env"":""prod""}"
111122223333,USD,2026-09-19T00:00:00Z,2026-09-20T00:00:00Z,Usage,AWS,Amazon RDS,Databases,us-east-1,arn:aws:rds:us-east-1:111122223333:db/orders,orders-db,83.5195,70.7792,70.7792,"{""costtrace_sha"":""e4f5a6b7c8d9"",""costtrace_repo"":""acme_checkout"",""costtrace_service"":""checkout"",""env"":""prod""}"
111122223333,USD,2026-09-19T00:00:00Z,2026-09-20T00:00:00Z,Usage,AWS,Amazon VPC,Networking,us-east-1,arn:aws:ec2:us-east-1:111122223333:natgateway/nat-0a1b2c3d,checkout-egress-nat,53.4448,45.2922,45.2922,"{""costtrace_sha"":""9f1c2ab7d3e4"",""costtrace_repo"":""acme_checkout"",""costtrace_service"":""checkout"",""env"":""prod""}"
111122223333,USD,2026-09-19T00:00:00Z,2026-09-20T00:00:00Z,Usage,AWS,Amazon CloudWatch,Management and Governance,us-east-1,arn:aws:logs:us-east-1:111122223333:log-group/checkout-egress,checkout-egress-logs,1.376,1.1661,1.1661,"{""costtrace_sha"":""9f1c2ab7d3e4"",""costtrace_repo"":""acme_checkout"",""costtrace_service"":""checkout"",""env"":""prod""}"
acme-search-prod,USD,2026-09-19T00:00:00Z,2026-09-20T00:00:00Z,Usage,Google Cloud,Compute Engine,Compute,us-central1,//compute.googleapis.com/projects/acme-search-prod/zones/us-central1-a/instances/search-indexer,search-indexer,30.2941,25.673,25.673,"{""costtrace_sha"":""3b7e91c04fa2"",""costtrace_repo"":""acme_search"",""costtrace_service"":""search"",""env"":""prod""}"
acme-search-prod,USD,2026-09-19T00:00:00Z,2026-09-20T00:00:00Z,Usage,Google Cloud,BigQuery,Analytics,us-central1,//bigquery.googleapis.com/projects/acme-search-prod/datasets/search_events,search_events,7.265,6.1568,6.1568,"{""costtrace_sha"":""e4f5a6b7c8d9"",""costtrace_repo"":""acme_search"",""costtrace_service"":""search"",""env"":""prod""}"
acme-reports-sub,USD,2026-09-19T00:00:00Z,2026-09-20T00:00:00Z,Usage,Microsoft,Azure Functions,Compute,eastus,/subscriptions/acme-reports-sub/resourceGroups/reports/providers/Microsoft.Web/sites/report-builder,report-builder,5.9388,5.0329,5.0329,"{""costtrace_sha"":""c05d8e2f61b9"",""costtrace_repo"":""acme_reports"",""costtrace_service"":""reports"",""env"":""prod""}"
111122223333,USD,2026-09-19T00:00:00Z,2026-09-20T00:00:00Z,Tax,AWS,Tax,Other,,,,3.1,3.1,3.1,
111122223333,USD,2026-09-19T00:00:00Z,2026-09-20T00:00:00Z,Usage,AWS,AWS Support,Other,,,,5,5,5,
111122223333,USD,2026-09-20T00:00:00Z,2026-09-21T00:00:00Z,Usage,AWS,Amazon EC2,Compute,us-east-1,arn:aws:ec2:us-east-1:111122223333:autoscaling/checkout-api,checkout-api-asg,45.1659,38.2762,38.2762,"{""costtrace_sha"":""e4f5a6b7c8d9"",""costtrace_repo"":""acme_checkout"",""costtrace_service"":""checkout"",""env"":""prod""}"
111122223333,USD,2026-09-20T00:00:00Z,2026-09-21T00:00:00Z,Usage,AWS,Amazon RDS,Databases,us-east-1,arn:aws:rds:us-east-1:111122223333:db/orders,orders-db,83.8988,71.1007,71.1007,"{""costtrace_sha"":""e4f5a6b7c8d9"",""costtrace_repo"":""acme_checkout"",""costtrace_service"":""checkout"",""env"":""prod""}"
111122223333,USD,2026-09-20T00:00:00Z,2026-09-21T00:00:00Z,Usage,AWS,Amazon VPC,Networking,us-east-1,arn:aws:ec2:us-east-1:111122223333:natgateway/nat-0a1b2c3d,checkout-egress-nat,51.9152,43.9959,43.9959,"{""costtrace_sha"":""9f1c2ab7d3e4"",""costtrace_repo"":""acme_checkout"",""costtrace_service"":""checkout"",""env"":""prod""}"
111122223333,USD,2026-09-20T00:00:00Z,2026-09-21T00:00:00Z,Usage,AWS,Amazon CloudWatch,Management and Governance,us-east-1,arn:aws:logs:us-east-1:111122223333:log-group/checkout-egress,checkout-egress-logs,1.4174,1.2012,1.2012,"{""costtrace_sha"":""9f1c2ab7d3e4"",""costtrace_repo"":""acme_checkout"",""costtrace_service"":""checkout"",""env"":""prod""}"
acme-search-prod,USD,2026-09-20T00:00:00Z,2026-09-21T00:00:00Z,Usage,Google Cloud,Compute Engine,Compute,us-central1,//compute.googleapis.com/projects/acme-search-prod/zones/us-central1-a/instances/search-indexer,search-indexer,29.0252,24.5976,24.5976,"{""costtrace_sha"":""3b7e91c04fa2"",""costtrace_repo"":""acme_search"",""costtrace_service"":""search"",""env"":""prod""}"
acme-search-prod,USD,2026-09-20T00:00:00Z,2026-09-21T00:00:00Z,Usage,Google Cloud,BigQuery,Analytics,us-central1,//bigquery.googleapis.com/projects/acme-search-prod/datasets/search_events,search_events,6.9608,5.899,5.899,"{""costtrace_sha"":""e4f5a6b7c8d9"",""costtrace_repo"":""acme_search"",""costtrace_service"":""search"",""env"":""prod""}"
acme-reports-sub,USD,2026-09-20T00:00:00Z,2026-09-21T00:00:00Z,Usage,Microsoft,Azure Functions,Compute,eastus,/subscriptions/acme-reports-sub/resourceGroups/reports/providers/Microsoft.Web/sites/report-builder,report-builder,5.756,4.878,4.878,"{""costtrace_sha"":""c05d8e2f61b9"",""costtrace_repo"":""acme_reports"",""costtrace_service"":""reports"",""env"":""prod""}"
111122223333,USD,2026-09-20T00:00:00Z,2026-09-21T00:00:00Z,Tax,AWS,Tax,Other,,,,3.1,3.1,3.1,
111122223333,USD,2026-09-20T00:00:00Z,2026-09-21T00:00:00Z,Usage,AWS,AWS Support,Other,,,,5,5,5,
111122223333,USD,2026-09-21T00:00:00Z,2026-09-22T00:00:00Z,Usage,AWS,Amazon EC2,Compute,us-east-1,arn:aws:ec2:us-east-1:111122223333:autoscaling/checkout-api,checkout-api-asg,44.3874,37.6164,37.6164,"{""costtrace_sha"":""e4f5a6b7c8d9"",""costtrace_repo"":""acme_checkout"",""costtrace_service"":""checkout"",""env"":""prod""}"
111122223333,USD,2026-09-21T00:00:00Z,2026-09-22T00:00:00Z,Usage,AWS,Amazon RDS,Databases,us-east-1,arn:aws:rds:us-east-1:111122223333:db/orders,orders-db,86.2469,73.0906,73.0906,"{""costtrace_sha"":""e4f5a6b7c8d9"",""costtrace_repo"":""acme_checkout"",""costtrace_service"":""checkout"",""env"":""prod""}"
111122223333,USD,2026-09-21T00:00:00Z,2026-09-22T00:00:00Z,Usage,AWS,Amazon VPC,Networking,us-east-1,arn:aws:ec2:us-east-1:111122223333:natgateway/nat-0a1b2c3d,checkout-egress-nat,52.4576,44.4556,44.4556,"{""costtrace_sha"":""9f1c2ab7d3e4"",""costtrace_repo"":""acme_checkout"",""costtrace_service"":""checkout"",""env"":""prod""}"
111122223333,USD,2026-09-21T00:00:00Z,2026-09-22T00:00:00Z,Usage,AWS,Amazon CloudWatch,Management and Governance,us-east-1,arn:aws:logs:us-east-1:111122223333:log-group/checkout-egress,checkout-egress-logs,1.3931,1.1806,1.1806,"{""costtrace_sha"":""9f1c2ab7d3e4"",""costtrace_repo"":""acme_checkout"",""costtrace_service"":""checkout"",""env"":""prod""}"
acme-search-prod,USD,2026-09-21T00:00:00Z,2026-09-22T00:00:00Z,Usage,Google Cloud,Compute Engine,Compute,us-central1,//compute.googleapis.com/projects/acme-search-prod/zones/us-central1-a/instances/search-indexer,search-indexer,29.8575,25.303,25.303,"{""costtrace_sha"":""3b7e91c04fa2"",""costtrace_repo"":""acme_search"",""costtrace_service"":""search"",""env"":""prod""}"
acme-search-prod,USD,2026-09-21T00:00:00Z,2026-09-22T00:00:00Z,Usage,Google Cloud,BigQuery,Analytics,us-central1,//bigquery.googleapis.com/projects/acme-search-prod/datasets/search_events,search_events,6.9901,5.9238,5.9238,"{""costtrace_sha"":""e4f5a6b7c8d9"",""costtrace_repo"":""acme_search"",""costtrace_service"":""search"",""env"":""prod""}"
acme-reports-sub,USD,2026-09-21T00:00:00Z,2026-09-22T00:00:00Z,Usage,Microsoft,Azure Functions,Compute,eastus,/subscriptions/acme-reports-sub/resourceGroups/reports/providers/Microsoft.Web/sites/report-builder,report-builder,5.9734,5.0622,5.0622,"{""costtrace_sha"":""c05d8e2f61b9"",""costtrace_repo"":""acme_reports"",""costtrace_service"":""reports"",""env"":""prod""}"
111122223333,USD,2026-09-21T00:00:00Z,2026-09-22T00:00:00Z,Tax,AWS,Tax,Other,,,,3.1,3.1,3.1,
111122223333,USD,2026-09-21T00:00:00Z,2026-09-22T00:00:00Z,Usage,AWS,AWS Support,Other,,,,5,5,5,
111122223333,USD,2026-09-22T00:00:00Z,2026-09-23T00:00:00Z,Usage,AWS,Amazon EC2,Compute,us-east-1,arn:aws:ec2:us-east-1:111122223333:autoscaling/checkout-api,checkout-api-asg,45.8762,38.8781,38.8781,"{""costtrace_sha"":""e4f5a6b7c8d9"",""costtrace_repo"":""acme_checkout"",""costtrace_service"":""checkout"",""env"":""prod""}"
111122223333,USD,2026-09-22T00:00:00Z,2026-09-23T00:00:00Z,Usage,AWS,Amazon RDS,Databases,us-east-1,arn:aws:rds:us-east-1:111122223333:db/orders,orders-db,82.5596,69.9658,69.9658,"{""costtrace_sha"":""e4f5a6b7c8d9"",""costtrace_repo"":""acme_checkout"",""costtrace_service"":""checkout"",""env"":""prod""}"
111122223333,USD,2026-09-22T00:00:00Z,2026-09-23T00:00:00Z,Usage,AWS,Amazon VPC,Networking,us-east-1,arn:aws:ec2:us-east-1:111122223333:natgateway/nat-0a1b2c3d,checkout-egress-nat,50.6771,42.9467,42.9467,"{""costtrace_sha"":""9f1c2ab7d3e4"",""costtrace_repo"":""acme_checkout"",""costtrace_service"":""checkout"",""env"":""prod""}"
111122223333,USD,2026-09-22T00:00:00Z,2026-09-23T00:00:00Z,Usage,AWS,Amazon CloudWatch,Management and Governance,us-east-1,arn:aws:logs:us-east-1:111122223333:log-group/checkout-egress,checkout-egress-logs,1.4199,1.2033,1.2033,"{""costtrace_sha"":""9f1c2ab7d3e4"",""costtrace_repo"":""acme_checkout"",""costtrace_service"":""checkout"",""env"":""prod""}"
acme-search-prod,USD,2026-09-22T00:00:00Z,2026-09-23T00:00:00Z,Usage,Google Cloud,Compute Engine,Compute,us-central1,//compute.googleapis.com/projects/acme-search-prod/zones/us-central1-a/instances/search-indexer,search-indexer,29.9735,25.4013,25.4013,"{""costtrace_sha"":""3b7e91c04fa2"",""costtrace_repo"":""acme_search"",""costtrace_service"":""search"",""env"":""prod""}"
acme-search-prod,USD,2026-09-22T00:00:00Z,2026-09-23T00:00:00Z,Usage,Google Cloud,BigQuery,Analytics,us-central1,//bigquery.googleapis.com/projects/acme-search-prod/datasets/search_events,search_events,7.1402,6.051,6.051,"{""costtrace_sha"":""e4f5a6b7c8d9"",""costtrace_repo"":""acme_search"",""costtrace_service"":""search"",""env"":""prod""}"
acme-reports-sub,USD,2026-09-22T00:00:00Z,2026-09-23T00:00:00Z,Usage,Microsoft,Azure Functions,Compute,eastus,/subscriptions/acme-reports-sub/resourceGroups/reports/providers/Microsoft.Web/sites/report-builder,report-builder,5.8084,4.9224,4.9224,"{""costtrace_sha"":""c05d8e2f61b9"",""costtrace_repo"":""acme_reports"",""costtrace_service"":""reports"",""env"":""prod""}"
111122223333,USD,2026-09-22T00:00:00Z,2026-09-23T00:00:00Z,Tax,AWS,Tax,Other,,,,3.1,3.1,3.1,
111122223333,USD,2026-09-22T00:00:00Z,2026-09-23T00:00:00Z,Usage,AWS,AWS Support,Other,,,,5,5,5,
111122223333,USD,2026-09-23T00:00:00Z,2026-09-24T00:00:00Z,Usage,AWS,Amazon EC2,Compute,us-east-1,arn:aws:ec2:us-east-1:111122223333:autoscaling/checkout-api,checkout-api-asg,45.5498,38.6015,38.6015,"{""costtrace_sha"":""e4f5a6b7c8d9"",""costtrace_repo"":""acme_checkout"",""costtrace_service"":""checkout"",""env"":""prod""}"
111122223333,USD,2026-09-23T00:00:00Z,2026-09-24T00:00:00Z,Usage,AWS,Amazon RDS,Databases,us-east-1,arn:aws:rds:us-east-1:111122223333:db/orders,orders-db,85.9885,72.8716,72.8716,"{""costtrace_sha"":""e4f5a6b7c8d9"",""costtrace_repo"":""acme_checkout"",""costtrace_service"":""checkout"",""env"":""prod""}"
111122223333,USD,2026-09-23T00:00:00Z,2026-09-24T00:00:00Z,Usage,AWS,Amazon VPC,Networking,us-east-1,arn:aws:ec2:us-east-1:111122223333:natgateway/nat-0a1b2c3d,checkout-egress-nat,51.008,43.2271,43.2271,"{""costtrace_sha"":""9f1c2ab7d3e4"",""costtrace_repo"":""acme_checkout"",""costtrace_service"":""checkout"",""env"":""prod""}"
111122223333,USD,2026-09-23T00:00:00Z,2026-09-24T00:00:00Z,Usage,AWS,Amazon CloudWatch,Management and Governance,us-east-1,arn:aws:logs:us-east-1:111122223333:log-group/checkout-egress,checkout-egress-logs,1.3762,1.1663,1.1663,"{""costtrace_sha"":""9f1c2ab7d3e4"",""costtrace_repo"":""acme_checkout"",""costtrace_service"":""checkout"",""env"":""prod""}"
acme-search-prod,USD,2026-09-23T00:00:00Z,2026-09-24T00:00:00Z,Usage,Google Cloud,Compute Engine,Compute,us-central1,//compute.googleapis.com/projects/acme-search-prod/zones/us-central1-a/instances/search-indexer,search-indexer,29.0455,24.6148,24.6148,"{""costtrace_sha"":""3b7e91c04fa2"",""costtrace_repo"":""acme_search"",""costtrace_service"":""search"",""env"":""prod""}"
acme-search-prod,USD,2026-09-23T00:00:00Z,2026-09-24T00:00:00Z,Usage,Google Cloud,BigQuery,Analytics,us-central1,//bigquery.googleapis.com/projects/acme-search-prod/datasets/search_events,search_events,6.9443,5.885,5.885,"{""costtrace_sha"":""e4f5a6b7c8d9"",""costtrace_repo"":""acme_search"",""costtrace_service"":""search"",""env"":""prod""}"
acme-reports-sub,USD,2026-09-23T00:00:00Z,2026-09-24T00:00:00Z,Usage,Microsoft,Azure Functions,Compute,eastus,/subscriptions/acme-reports-sub/resourceGroups/reports/providers/Microsoft.Web/sites/report-builder,report-builder,5.8828,4.9854,4.9854,"{""costtrace_sha"":""c05d8e2f61b9"",""costtrace_repo"":""acme_reports"",""costtrace_service"":""reports"",""env"":""prod""}"
111122223333,USD,2026-09-23T00:00:00Z,2026-09-24T00:00:00Z,Tax,AWS,Tax,Other,,,,3.1,3.1,3.1,
111122223333,USD,2026-09-23T00:00:00Z,2026-09-24T00:00:00Z,Usage,AWS,AWS Support,Other,,,,5,5,5,
111122223333,USD,2026-09-24T00:00:00Z,2026-09-25T00:00:00Z,Usage,AWS,Amazon EC2,Compute,us-east-1,arn:aws:ec2:us-east-1:111122223333:autoscaling/checkout-api,checkout-api-asg,44.1438,37.41,37.41,"{""costtrace_sha"":""e4f5a6b7c8d9"",""costtrace_repo"":""acme_checkout"",""costtrace_service"":""checkout"",""env"":""prod""}"
111122223333,USD,2026-09-24T00:00:00Z,2026-09-25T00:00:00Z,Usage,AWS,Amazon RDS,Databases,us-east-1,arn:aws:rds:us-east-1:111122223333:db/orders,orders-db,85.1351,72.1484,72.1484,"{""costtrace_sha"":""e4f5a6b7c8d9"",""costtrace_repo"":""acme_checkout"",""costtrace_service"":""checkout"",""env"":""prod""}"
111122223333,USD,2026-09-24T00:00:00Z,2026-09-25T00:00:00Z,Usage,AWS,Amazon VPC,Networking,us-east-1,arn:aws:ec2:us-east-1:111122223333:natgateway/nat-0a1b2c3d,checkout-egress-nat,51.2945,43.4699,43.4699,"{""costtrace_sha"":""9f1c2ab7d3e4"",""costtrace_repo"":""acme_checkout"",""costtrace_service"":""checkout"",""env"":""prod""}"
111122223333,USD,2026-09-24T00:00:00Z,2026-09-25T00:00:00Z,Usage,AWS,Amazon CloudWatch,Management and Governance,us-east-1,arn:aws:logs:us-east-1:111122223333:log-group/checkout-egress,checkout-egress-logs,1.3782,1.168,1.168,"{""costtrace_sha"":""9f1c2ab7d3e4"",""costtrace_repo"":""acme_checkout"",""costtrace_service"":""checkout"",""env"":""prod""}"
acme-search-prod,USD,2026-09-24T00:00:00Z,2026-09-25T00:00:00Z,Usage,Google Cloud,Compute Engine,Compute,us-central1,//compute.googleapis.com/projects/acme-search-prod/zones/us-central1-a/instances/search-indexer,search-indexer,28.9689,24.5499,24.5499,"{""costtrace_sha"":""3b7e91c04fa2"",""costtrace_repo"":""acme_search"",""costtrace_service"":""search"",""env"":""prod""}"
acme-search-prod,USD,2026-09-24T00:00:00Z,2026-09-25T00:00:00Z,Usage,Google Cloud,BigQuery,Analytics,us-central1,//bigquery.googleapis.com/projects/acme-search-prod/datasets/search_events,search_events,7.013,5.9432,5.9432,"{""costtrace_sha"":""e4f5a6b7c8d9"",""costtrace_repo"":""acme_search"",""costtrace_service"":""search"",""env"":""prod""}"
acme-reports-sub,USD,2026-09-24T00:00:00Z,2026-09-25T00:00:00Z,Usage,Microsoft,Azure Functions,Compute,eastus,/subscriptions/acme-reports-sub/resourceGroups/reports/providers/Microsoft.Web/sites/report-builder,report-builder,5.7387,4.8633,4.8633,"{""costtrace_sha"":""c05d8e2f61b9"",""costtrace_repo"":""acme_reports"",""costtrace_service"":""reports"",""env"":""prod""}"
111122223333,USD,2026-09-24T00:00:00Z,2026-09-25T00:00:00Z,Tax,AWS,Tax,Other,,,,3.1,3.1,3.1,
111122223333,USD,2026-09-24T00:00:00Z,2026-09-25T00:00:00Z,Usage,AWS,AWS Support,Other,,,,5,5,5,
111122223333,USD,2026-09-25T00:00:00Z,2026-09-26T00:00:00Z,Usage,AWS,Amazon EC2,Compute,us-east-1,arn:aws:ec2:us-east-1:111122223333:autoscaling/checkout-api,checkout-api-asg,45.6957,38.7252,38.7252,"{""costtrace_sha"":""e4f5a6b7c8d9"",""costtrace_repo"":""acme_checkout"",""costtrace_service"":""checkout"",""env"":""prod""}"
111122223333,USD,2026-09-25T00:00:00Z,2026-09-26T00:00:00Z,Usage,AWS,Amazon RDS,Databases,us-east-1,arn:aws:rds:us-east-1:111122223333:db/orders,orders-db,81.3134,68.9097,68.9097,"{""costtrace_sha"":""e4f5a6b7c8d9"",""costtrace_repo"":""acme_checkout"",""costtrace_service"":""checkout"",""env"":""prod""}"
111122223333,USD,2026-09-25T00:00:00Z,2026-09-26T00:00:00Z,Usage,AWS,Amazon VPC,Networking,us-east-1,arn:aws:ec2:us-east-1:111122223333:natgateway/nat-0a1b2c3d,checkout-egress-nat,53.2055,45.0894,45.0894,"{""costtrace_sha"":""9f1c2ab7d3e4"",""costtrace_repo"":""acme_checkout"",""costtrace_service"":""checkout"",""env"":""prod""}"
111122223333,USD,2026-09-25T00:00:00Z,2026-09-26T00:00:00Z,Usage,AWS,Amazon CloudWatch,Management and Governance,us-east-1,arn:aws:logs:us-east-1:111122223333:log-group/checkout-egress,checkout-egress-logs,1.3797,1.1692,1.1692,"{""costtrace_sha"":""9f1c2ab7d3e4"",""costtrace_repo"":""acme_checkout"",""costtrace_service"":""checkout"",""env"":""prod""}"
acme-search-prod,USD,2026-09-25T00:00:00Z,2026-09-26T00:00:00Z,Usage,Google Cloud,Compute Engine,Compute,us-central1,//compute.googleapis.com/projects/acme-search-prod/zones/us-central1-a/instances/search-indexer,search-indexer,29.8575,25.303,25.303,"{""costtrace_sha"":""3b7e91c04fa2"",""costtrace_repo"":""acme_search"",""costtrace_service"":""search"",""env"":""prod""}"
acme-search-prod,USD,2026-09-25T00:00:00Z,2026-09-26T00:00:00Z,Usage,Google Cloud,BigQuery,Analytics,us-central1,//bigquery.googleapis.com/projects/acme-search-prod/datasets/search_events,search_events,6.9498,5.8897,5.8897,"{""costtrace_sha"":""e4f5a6b7c8d9"",""costtrace_repo"":""acme_search"",""costtrace_service"":""search"",""env"":""prod""}"
acme-reports-sub,USD,2026-09-25T00:00:00Z,2026-09-26T00:00:00Z,Usage,Microsoft,Azure Functions,Compute,eastus,/subscriptions/acme-reports-sub/resourceGroups/reports/providers/Microsoft.Web/sites/report-builder,report-builder,5.9986,5.0836,5.0836,"{""costtrace_sha"":""c05d8e2f61b9"",""costtrace_repo"":""acme_reports"",""costtrace_service"":""reports"",""env"":""prod""}"
111122223333,USD,2026-09-25T00:00:00Z,2026-09-26T00:00:00Z,Tax,AWS,Tax,Other,,,,3.1,3.1,3.1,
111122223333,USD,2026-09-25T00:00:00Z,2026-09-26T00:00:00Z,Usage,AWS,AWS Support,Other,,,,5,5,5,
111122223333,USD,2026-09-26T00:00:00Z,2026-09-27T00:00:00Z,Usage,AWS,Amazon EC2,Compute,us-east-1,arn:aws:ec2:us-east-1:111122223333:autoscaling/checkout-api,checkout-api-asg,44.3508,37.5854,37.5854,"{""costtrace_sha"":""e4f5a6b7c8d9"",""costtrace_repo"":""acme_checkout"",""costtrace_service"":""checkout"",""env"":""prod""}"
111122223333,USD,2026-09-26T00:00:00Z,2026-09-27T00:00:00Z,Usage,AWS,Amazon RDS,Databases,us-east-1,arn:aws:rds:us-east-1:111122223333:db/orders,orders-db,83.1723,70.485,70.485,"{""costtrace_sha"":""e4f5a6b7c8d9"",""costtrace_repo"":""acme_checkout"",""costtrace_service"":""checkout"",""env"":""prod""}"
111122223333,USD,2026-09-26T00:00:00Z,2026-09-27T00:00:00Z,Usage,AWS,Amazon VPC,Networking,us-east-1,arn:aws:ec2:us-east-1:111122223333:natgateway/nat-0a1b2c3d,checkout-egress-nat,52.1932,44.2315,44.2315,"{""costtrace_sha"":""9f1c2ab7d3e4"",""costtrace_repo"":""acme_checkout"",""costtrace_service"":""checkout"",""env"":""prod""}"
111122223333,USD,2026-09-26T00:00:00Z,2026-09-27T00:00:00Z,Usage,AWS,Amazon CloudWatch,Management and Governance,us-east-1,arn:aws:logs:us-east-1:111122223333:log-group/checkout-egress,checkout-egress-logs,1.4097,1.1947,1.1947,"{""costtrace_sha"":""9f1c2ab7d3e4"",""costtrace_repo"":""acme_checkout"",""costtrace_service"":""checkout"",""env"":""prod""}"
acme-search-prod,USD,2026-09-26T00:00:00Z,2026-09-27T00:00:00Z,Usage,Google Cloud,Compute Engine,Compute,us-central1,//compute.googleapis.com/projects/acme-search-prod/zones/us-central1-a/instances/search-indexer,search-indexer,29.841,25.289,25.289,"{""costtrace_sha"":""3b7e91c04fa2"",""costtrace_repo"":""acme_search"",""costtrace_service"":""search"",""env"":""prod""}"
acme-search-prod,USD,2026-09-26T00:00:00Z,2026-09-27T00:00:00Z,Usage,Google Cloud,BigQuery,Analytics,us-central1,//bigquery.googleapis.com/projects/acme-search-prod/datasets/search_events,search_events,7.1739,6.0796,6.0796,"{""costtrace_sha"":""e4f5a6b7c8d9"",""costtrace_repo"":""acme_search"",""costtrace_service"":""search"",""env"":""prod""}"
acme-reports-sub,USD,2026-09-26T00:00:00Z,2026-09-27T00:00:00Z,Usage,Microsoft,Azure Functions,Compute,eastus,/subscriptions/acme-reports-sub/resourceGroups/reports/providers/Microsoft.Web/sites/report-builder,report-builder,5.9605,5.0513,5.0513,"{""costtrace_sha"":""c05d8e2f61b9"",""costtrace_repo"":""acme_reports"",""costtrace_service"":""reports"",""env"":""prod""}"
111122223333,USD,2026-09-26T00:00:00Z,2026-09-27T00:00:00Z,Tax,AWS,Tax,Other,,,,3.1,3.1,3.1,
111122223333,USD,2026-09-26T00:00:00Z,2026-09-27T00:00:00Z,Usage,AWS,AWS Support,Other,,,,5,5,5,
111122223333,USD,2026-09-27T00:00:00Z,2026-09-28T00:00:00Z,Usage,AWS,Amazon EC2,Compute,us-east-1,arn:aws:ec2:us-east-1:111122223333:autoscaling/checkout-api,checkout-api-asg,44.5992,37.7959,37.7959,"{""costtrace_sha"":""e4f5a6b7c8d9"",""costtrace_repo"":""acme_checkout"",""costtrace_service"":""checkout"",""env"":""prod""}"
111122223333,USD,2026-09-27T00:00:00Z,2026-09-28T00:00:00Z,Usage,AWS,Amazon RDS,Databases,us-east-1,arn:aws:rds:us-east-1:111122223333:db/orders,orders-db,82.8355,70.1996,70.1996,"{""costtrace_sha"":""e4f5a6b7c8d9"",""costtrace_repo"":""acme_checkout"",""costtrace_service"":""checkout"",""env"":""prod""}"
111122223333,USD,2026-09-27T00:00:00Z,2026-09-28T00:00:00Z,Usage,AWS,Amazon VPC,Networking,us-east-1,arn:aws:ec2:us-east-1:111122223333:natgateway/nat-0a1b2c3d,checkout-egress-nat,52.3649,44.377,44.377,"{""costtrace_sha"":""9f1c2ab7d3e4"",""costtrace_repo"":""acme_checkout"",""costtrace_service"":""checkout"",""env"":""prod""}"
111122223333,USD,2026-09-27T00:00:00Z,2026-09-28T00:00:00Z,Usage,AWS,Amazon CloudWatch,Management and Governance,us-east-1,arn:aws:logs:us-east-1:111122223333:log-group/checkout-egress,checkout-egress-logs,1.4408,1.221,1.221,"{""costtrace_sha"":""9f1c2ab7d3e4"",""costtrace_repo"":""acme_checkout"",""costtrace_service"":""checkout"",""env"":""prod""}"
acme-search-prod,USD,2026-09-27T00:00:00Z,2026-09-28T00:00:00Z,Usage,Google Cloud,Compute Engine,Compute,us-central1,//compute.googleapis.com/projects/acme-search-prod/zones/us-central1-a/instances/search-indexer,search-indexer,30.2342,25.6222,25.6222,"{""costtrace_sha"":""3b7e91c04fa2"",""costtrace_repo"":""acme_search"",""costtrace_service"":""search"",""env"":""prod""}"
acme-search-prod,USD,2026-09-27T00:00:00Z,2026-09-28T00:00:00Z,Usage,Google Cloud,BigQuery,Analytics,us-central1,//bigquery.googleapis.com/projects/acme-search-prod/datasets/search_events,search_events,7.0342,5.9612,5.9612,"{""costtrace_sha"":""e4f5a6b7c8d9"",""costtrace_repo"":""acme_search"",""costtrace_service"":""search"",""env"":""prod""}"
acme-reports-sub,USD,2026-09-27T00:00:00Z,2026-09-28T00:00:00Z,Usage,Microsoft,Azure Functions,Compute,eastus,/subscriptions/acme-reports-sub/resourceGroups/reports/providers/Microsoft.Web/sites/report-builder,report-builder,5.7422,4.8663,4.8663,"{""costtrace_sha"":""c05d8e2f61b9"",""costtrace_repo"":""acme_reports"",""costtrace_service"":""reports"",""env"":""prod""}"
111122223333,USD,2026-09-27T00:00:00Z,2026-09-28T00:00:00Z,Tax,AWS,Tax,Other,,,,3.1,3.1,3.1,
111122223333,USD,2026-09-27T00:00:00Z,2026-09-28T00:00:00Z,Usage,AWS,AWS Support,Other,,,,5,5,5,
111122223333,USD,2026-09-28T00:00:00Z,2026-09-29T00:00:00Z,Usage,AWS,Amazon EC2,Compute,us-east-1,arn:aws:ec2:us-east-1:111122223333:autoscaling/checkout-api,checkout-api-asg,43.6909,37.0262,37.0262,"{""costtrace_sha"":""e4f5a6b7c8d9"",""costtrace_repo"":""acme_checkout"",""costtrace_service"":""checkout"",""env"":""prod""}"
111122223333,USD,2026-09-28T00:00:00Z,2026-09-29T00:00:00Z,Usage,AWS,Amazon RDS,Databases,us-east-1,arn:aws:rds:us-east-1:111122223333:db/orders,orders-db,85.7429,72.6635,72.6635,"{""costtrace_sha"":""e4f5a6b7c8d9"",""costtrace_repo"":""acme_checkout"",""costtrace_service"":""checkout"",""env"":""prod""}"
111122223333,USD,2026-09-28T00:00:00Z,2026-09-29T00:00:00Z,Usage,AWS,Amazon VPC,Networking,us-east-1,arn:aws:ec2:us-east-1:111122223333:natgateway/nat-0a1b2c3d,checkout-egress-nat,52.2162,44.251,44.251,"{""costtrace_sha"":""9f1c2ab7d3e4"",""costtrace_repo"":""acme_checkout"",""costtrace_service"":""checkout"",""env"":""prod""}"
111122223333,USD,2026-09-28T00:00:00Z,2026-09-29T00:00:00Z,Usage,AWS,Amazon CloudWatch,Management and Governance,us-east-1,arn:aws:logs:us-east-1:111122223333:log-group/checkout-egress,checkout-egress-logs,1.4221,1.2052,1.2052,"{""costtrace_sha"":""9f1c2ab7d3e4"",""costtrace_repo"":""acme_checkout"",""costtrace_service"":""checkout"",""env"":""prod""}"
acme-search-prod,USD,2026-09-28T00:00:00Z,2026-09-29T00:00:00Z,Usage,Google Cloud,Compute Engine,Compute,us-central1,//compute.googleapis.com/projects/acme-search-prod/zones/us-central1-a/instances/search-indexer,search-indexer,30.203,25.5958,25.5958,"{""costtrace_sha"":""3b7e91c04fa2"",""costtrace_repo"":""acme_search"",""costtrace_service"":""search"",""env"":""prod""}"
acme-search-prod,USD,2026-09-28T00:00:00Z,2026-09-29T00:00:00Z,Usage,Google Cloud,BigQuery,Analytics,us-central1,//bigquery.googleapis.com/projects/acme-search-prod/datasets/search_events,search_events,7.2175,6.1165,6.1165,"{""costtrace_sha"":""e4f5a6b7c8d9"",""costtrace_repo"":""acme_search"",""costtrace_service"":""search"",""env"":""prod""}"
acme-reports-sub,USD,2026-09-28T00:00:00Z,2026-09-29T00:00:00Z,Usage,Microsoft,Azure Functions,Compute,eastus,/subscriptions/acme-reports-sub/resourceGroups/reports/providers/Microsoft.Web/sites/report-builder,report-builder,6.0185,5.1004,5.1004,"{""costtrace_sha"":""c05d8e2f61b9"",""costtrace_repo"":""acme_reports"",""costtrace_service"":""reports"",""env"":""prod""}"
111122223333,USD,2026-09-28T00:00:00Z,2026-09-29T00:00:00Z,Tax,AWS,Tax,Other,,,,3.1,3.1,3.1,
111122223333,USD,2026-09-28T00:00:00Z,2026-09-29T00:00:00Z,Usage,AWS,AWS Support,Other,,,,5,5,5,
